id,nombre,telefono,fecha,ciudad,,
1,"Allison, Chadwick Z.",(109) 755-3438,24/09/2021,Rangiora,,
2,"Reed, Hop S.",(914) 321-5936,14/03/2022,Lac La Biche County,,
3,"Ratliff, Jin I.",(413) 616-1765,29/11/2020,Kumluca,,
4,"Sharpe, Vera Z.",(463) 718-7720,17/04/2022,Bannu,,
5,"Gaines, Alice F.",(768) 619-6484,13/04/2021,Ruddervoorde,,
6,"Sellers, Herrod Y.",(109) 848-1055,20/05/2020,Bhimber,,
7,"Combs, Bertha G.",(565) 813-0587,09/09/2020,Brisbane,,
8,"Alford, Reed H.",(363) 307-3427,17/12/2021,The Hague,,
9,"Boyer, Ciara B.",(535) 766-2401,18/12/2020,Wageningen,,
10,"Russell, Haley O.",(264) 286-9016,06/06/2020,Molino dei Torti,,
11,"Chambers, Buffy T.",(388) 676-8252,03/03/2022,Ollolai,,
12,"Jennings, Plato L.",(129) 162-3792,27/02/2021,Ways,,
13,"Deleon, Preston F.",(672) 346-3074,28/06/2021,South Jakarta,,
14,"Rowe, Fiona K.",(727) 774-5161,30/10/2020,Pointe-au-Pic,,
15,"Leblanc, Amethyst I.",(477) 765-8337,13/08/2021,Ciudad Real,,
16,"Sellers, Savannah G.",(148) 615-7273,23/05/2020,Chulucanas,,
17,"Branch, Mufutau D.",(776) 286-7800,18/02/2021,Cambridge Bay,,
18,"York, Iliana U.",(537) 288-0384,19/01/2022,Ancarano,,
19,"Greer, Ruth T.",(818) 685-7037,30/03/2021,Santa Cruz,,
20,"Delgado, Liberty C.",(863) 779-9940,19/11/2020,Surrey,,
21,"Cooper, Avram X.",(651) 455-7904,16/09/2021,Riesa,,
22,"Mason, Ulla N.",(694) 781-0113,28/02/2021,Satara,,
23,"Blackburn, Kennedy X.",(380) 485-6651,15/07/2021,Etroubles,,
24,"Pace, Alec S.",(256) 111-6381,02/06/2020,Dundee,,
25,"Cardenas, Nolan F.",(501) 115-3530,28/01/2021,Poggiorsini,,
26,"Booth, Judith F.",(653) 269-4207,07/09/2021,Ockelbo,,
27,"Ellis, Jermaine R.",(588) 154-3359,23/07/2021,Truro,,
28,"Stevens, Eagan Y.",(232) 215-9447,22/11/2021,Heidenheim,,
29,"Chapman, Ishmael O.",(829) 943-9206,02/01/2021,Filacciano,,
30,"Hanson, Kirsten I.",(716) 317-9598,06/04/2022,Workum,,
31,"Bullock, Fiona S.",(346) 531-9162,08/03/2022,Rothesay,,
32,"Clarke, Jared L.",(394) 780-8482,22/11/2020,Mogi das Cruzes,,
33,"Austin, Whitney T.",(678) 106-2672,28/05/2020,Notre-Dame-du-Nord,,
34,"Blackwell, Keaton G.",(501) 941-9096,28/05/2021,Ibagué,,
35,"Blackburn, Breanna U.",(105) 344-2040,10/01/2022,San Juan (San Juan de Tibás),,
36,"Duran, Hu K.",(476) 266-6714,27/09/2020,Divinópolis,,
37,"Kline, Seth U.",(108) 459-8048,08/12/2021,Tavistock,,
38,"Parsons, Hector H.",(231) 918-7843,14/07/2021,Dollard-des-Ormeaux,,
39,"Richards, Tamekah Z.",(828) 267-6977,20/09/2021,Genk,,
40,"Holland, Ian D.",(811) 949-8046,29/04/2022,Strathcona County,,
41,"Holman, Nevada H.",(563) 742-7695,22/03/2022,Acoz,,
42,"Adkins, Carson L.",(610) 855-0202,18/10/2021,Dampicourt,,
43,"Short, Richard Q.",(925) 255-4109,12/04/2022,Pucón,,
44,"Craft, Joelle U.",(980) 962-5096,14/07/2020,Brive-la-Gaillarde,,
45,"Richardson, Daniel N.",(574) 600-8976,09/01/2022,Geesthacht,,
46,"Newman, Jade F.",(605) 496-3164,27/07/2020,Haasdonk,,
47,"Frye, Maggy L.",(650) 316-8732,30/04/2020,Lodine,,
48,"Whitney, Moana L.",(106) 352-6634,08/05/2020,Boca del Río,,
49,"Lloyd, Violet C.",(779) 804-0374,19/04/2021,Manaure,,
50,"Colon, Jorden O.",(750) 189-4197,07/02/2021,Crewe,,
51,"Ellison, Ria W.",(663) 866-3870,23/07/2021,Chatteris,,
52,"Pruitt, Magee H.",(956) 522-9182,23/03/2021,Monguelfo-Tesido/Welsberg-Taisten,,
53,"Giles, Travis P.",(137) 968-5057,04/04/2022,Pucón,,
54,"Boyer, Ayanna L.",(311) 303-2129,17/04/2021,Frankfort,,
55,"Robinson, Quyn C.",(754) 968-1785,04/03/2021,Viesville,,
56,"Campos, Jael D.",(110) 534-6423,22/01/2021,Balikpapan,,
57,"Pratt, Dante N.",(708) 931-3796,22/07/2020,Argenteuil,,
58,"Beard, Haley A.",(973) 570-9830,27/07/2020,Fresno,,
59,"Spears, Cody I.",(609) 887-3266,22/04/2021,Okene,,
60,"Robles, Tanek W.",(702) 276-2981,01/08/2020,Macklin,,
61,"Pruitt, Sean G.",(511) 781-2808,23/08/2020,Cañas,,
62,"Wong, Ferdinand N.",(614) 327-2238,28/06/2021,Caprino Bergamasco,,
63,"Ayers, Cairo P.",(241) 103-3402,20/12/2020,Kilwinning,,
64,"Figueroa, Barclay T.",(927) 420-8338,20/02/2021,Uruapan,,
65,"Collins, Sophia A.",(390) 728-4824,20/10/2020,Sant'Agata Bolognese,,
66,"Irwin, Harriet X.",(229) 550-9108,12/06/2021,Romeral,,
67,"Clark, Jamal J.",(523) 604-4872,03/12/2020,Zwijndrecht,,
68,"Romero, Abraham Y.",(822) 641-0894,28/10/2020,Quispamsis,,
69,"Dean, Brennan W.",(236) 193-1664,27/12/2021,Modena,,
70,"Dickson, Maris E.",(393) 734-9359,28/12/2020,Vaux-sur-Sure,,
71,"Dunn, Joseph K.",(677) 753-5728,01/01/2021,Gressoney-Saint-Jean,,
72,"Swanson, Hedy B.",(761) 225-3491,07/11/2020,Morrinsville,,
73,"Randolph, Summer W.",(233) 722-4360,07/08/2021,La Spezia,,
74,"Kinney, Preston W.",(690) 177-2231,14/09/2020,Anjou,,
75,"Beck, Xaviera W.",(312) 269-2453,07/02/2021,Itajaí,,
76,"Ramirez, Willa I.",(352) 321-4954,08/04/2021,Nyandoma,,
77,"Williams, Dillon Z.",(130) 838-9216,09/03/2021,Milena,,
78,"Lindsey, Kaden N.",(988) 721-0922,18/02/2021,Malgesso,,
79,"Mccray, Mia T.",(167) 274-0791,04/06/2020,Roosdaal,,
80,"Olson, Keaton N.",(705) 193-7416,30/05/2021,Grantham,,
81,"Coffey, Adara U.",(486) 695-7912,15/03/2021,Forio,,
82,"Mclean, Daria J.",(685) 179-2289,01/03/2021,Springdale,,
83,"Hogan, Cruz L.",(810) 575-0020,24/03/2022,St. Asaph,,
84,"Whitley, Xantha C.",(358) 816-1776,21/12/2021,Biryuch,,
85,"Bell, Ivory G.",(406) 648-9789,03/06/2021,El Tambo,,
86,"Bruce, Lane W.",(584) 852-2348,30/06/2021,Pickering,,
87,"Knox, Veda J.",(130) 694-0970,01/04/2022,Mount Gambier,,
88,"Cook, Vance C.",(968) 175-8574,11/10/2021,Gjoa Haven,,
89,"Emerson, Jakeem A.",(852) 888-9501,26/06/2021,Montrose,,
90,"Gibson, Wilma U.",(296) 998-6287,09/01/2022,Houston,,
91,"Oneal, Charity E.",(318) 471-0189,09/02/2021,Dosquebradas,,
92,"Boyle, Rhiannon Y.",(647) 353-4376,27/06/2020,Thisnes,,
93,"West, Tatum R.",(913) 111-1461,16/12/2020,Jaén,,
94,"Meyer, Britanni M.",(314) 877-3250,09/07/2020,Hexham,,
95,"Mcintyre, Hyacinth J.",(230) 109-0017,23/01/2022,Ghanche,,
96,"Price, Wesley J.",(402) 962-2169,14/07/2021,Wetaskiwin,,
97,"Peck, Lilah U.",(727) 205-8985,01/05/2021,Ödemiş,,
98,"Pickett, Dalton H.",(888) 211-5425,18/11/2020,Bad Hersfeld,,
99,"Mckinney, Kenneth D.",(322) 606-0541,29/04/2022,Mandurah,,
100,"Castaneda, Fitzgerald P.",(272) 917-3207,15/09/2020,Jumet,,
101,"Gould, Adara F.",(115) 501-0165,06/09/2021,Tasikmalaya,,
102,"Mason, Amir Q.",(646) 712-1906,04/06/2021,Elen,,
103,"Reynolds, Jolene C.",(415) 277-9157,27/07/2021,Villafranca in Lunigiana,,
104,"Shelton, Clinton V.",(309) 259-8506,27/09/2021,Sheikhupura,,
105,"Henderson, Graham W.",(568) 780-5789,26/02/2022,Karak,,
106,"Poole, Raya M.",(415) 772-1382,05/02/2021,Kotlas,,
107,"Curtis, Nehru R.",(613) 247-3718,23/06/2020,Canning,,
108,"Simon, Davis G.",(482) 800-1930,11/03/2021,Moignelee,,
109,"Crawford, Zachary V.",(739) 476-8348,29/05/2020,Charny,,
110,"Buchanan, Gillian U.",(840) 388-2332,22/01/2022,Melrose,,
111,"Richards, Risa Z.",(417) 950-5444,16/04/2022,Chhindwara,,
112,"Morton, Astra U.",(251) 543-5159,27/04/2021,Mundare,,
113,"Butler, Teegan R.",(676) 880-1709,12/06/2020,Zwolle,,
114,"Francis, Kaseem M.",(783) 923-9556,30/03/2021,Castel del Giudice,,
115,"Patton, Phoebe H.",(676) 825-9680,08/12/2020,Gijzelbrechtegem,,
116,"Hall, Desirae E.",(624) 742-8694,28/11/2020,Batu,,
117,"Boone, Melissa X.",(482) 697-4427,05/06/2021,Bilaspur,,
118,"Obrien, Craig Y.",(826) 217-3690,10/12/2021,Crewe,,
119,"Riggs, Caesar X.",(112) 996-0129,25/07/2021,Hamilton,,
120,"Salinas, Caldwell M.",(865) 610-7467,13/05/2020,Okotoks,,
121,"Guthrie, Anne G.",(318) 196-0010,15/01/2022,Harbour Grace,,
122,"Jennings, Whoopi I.",(841) 347-2552,11/11/2020,Wanaka,,
123,"Cline, Tanisha N.",(572) 539-0845,27/08/2021,Beawar,,
124,"Richmond, Brynne F.",(400) 902-4083,10/04/2022,Duncan,,
125,"Pitts, Ella A.",(544) 306-5492,06/09/2021,Meise,,
126,"Wiggins, Ginger O.",(701) 868-4646,27/09/2021,Quinchao,,
127,"Heath, Inga F.",(892) 456-5697,14/09/2021,Yeoju,,
128,"Salazar, Kato J.",(586) 729-9099,09/05/2020,Veerle,,
129,"England, Sierra I.",(154) 951-0838,18/08/2021,Temploux,,
130,"Peck, Gwendolyn N.",(357) 486-6661,18/08/2020,San Juan de Pasto,,
131,"Maddox, Myra S.",(796) 303-7205,12/07/2021,Blehen,,
132,"Morrison, Cynthia O.",(665) 641-4973,06/08/2020,Hohenems,,
133,"Lyons, Baxter V.",(355) 512-0791,26/10/2021,Mahbubnagar,,
134,"Waller, Joshua T.",(140) 355-0063,18/03/2021,Anzio,,
135,"Glenn, Raphael E.",(719) 218-2249,20/10/2021,Godhra,,
136,"Sims, Deanna W.",(228) 825-8961,05/07/2021,MŽlin,,
137,"Neal, Darius B.",(180) 219-4038,02/01/2021,San Francisco,,
138,"Manning, Alexis B.",(405) 673-1208,15/10/2021,Multan,,
139,"Cobb, Cassandra F.",(394) 240-0176,07/10/2021,Redcliffe,,
140,"Farmer, Cleo F.",(960) 357-4915,30/11/2021,Ruisbroek,,
141,"Hernandez, Sheila S.",(435) 916-1317,01/02/2022,Bolzano Vicentino,,
142,"Lang, Logan M.",(391) 234-2849,25/05/2020,Murcia,,
143,"Acosta, Abraham Z.",(166) 414-5401,27/08/2021,Fauglia,,
144,"Wiley, Walter Z.",(771) 347-1280,04/03/2021,Marbais,,
145,"Estrada, Dane L.",(891) 940-9167,01/06/2020,Mora,,
146,"Cleveland, Edan Q.",(149) 104-9088,10/09/2020,Marystown,,
147,"Bradley, Uriah G.",(174) 575-0187,05/02/2021,Niel-bij-As,,
148,"Faulkner, Harding Y.",(474) 206-6747,28/03/2022,Keith,,
149,"Rocha, Ocean W.",(354) 969-1597,06/02/2021,Tierra Amarilla,,
150,"Mcconnell, Harriet J.",(312) 510-3716,20/11/2020,Biryuch,,
151,"Watts, Rahim C.",(539) 493-2893,13/12/2021,Friedrichsdorf,,
152,"Buchanan, Fletcher L.",(411) 253-6370,23/03/2022,Santa Maria,,
153,"Merrill, Hillary X.",(991) 129-8272,12/07/2021,Nandyal,,
154,"Boone, Grady E.",(142) 719-5914,09/09/2020,Ratlam,,
155,"Pugh, Colby C.",(845) 217-2149,26/08/2021,Icheon,,
156,"Riddle, Emery Q.",(999) 701-0688,27/01/2021,Carlisle,,
157,"Woods, Leah A.",(615) 270-1627,14/03/2022,Gespeg,,
158,"Ward, Russell Y.",(806) 838-8745,21/02/2022,Puerto Carreño,,
159,"Mcintyre, Daquan A.",(809) 899-9429,07/04/2022,Bhubaneswar,,
160,"Burt, Bianca M.",(188) 262-9748,30/01/2022,Hualpén,,
161,"Gonzales, Vaughan P.",(397) 643-9505,18/07/2020,Colorno,,
162,"Mayer, Risa H.",(909) 363-2137,05/12/2020,Monte Patria,,
163,"Velez, Sawyer C.",(366) 252-7916,21/07/2021,Vihari,,
164,"Barnett, Valentine Y.",(338) 519-8526,12/03/2022,Mascalucia,,
165,"Weber, Leah U.",(800) 216-7848,05/09/2021,Langholm,,
166,"Howell, Herrod L.",(217) 448-5178,13/08/2021,Minderhout,,
167,"Murphy, Sacha N.",(789) 445-4616,31/10/2020,Paço do Lumiar,,
168,"Howard, Kane L.",(892) 143-5627,28/07/2020,Bonnyville Municipal District,,
169,"Mcmahon, Cameron Q.",(619) 816-0093,15/04/2021,Taber,,
170,"Kerr, Cora T.",(131) 155-3225,28/02/2021,Requínoa,,
171,"Pitts, Hayfa L.",(913) 182-1453,27/02/2022,Midway,,
172,"Montgomery, Wing X.",(848) 115-3515,03/02/2021,Tarsus,,
173,"Christian, Magee G.",(228) 739-5829,28/08/2020,Rugby,,
174,"Hodges, Alec H.",(152) 370-0022,25/02/2021,Olivar,,
175,"Horne, Sara X.",(791) 911-4065,23/04/2021,Colorado Springs,,
176,"Torres, Hedwig C.",(100) 269-8917,14/02/2021,Herfelingen,,
177,"Romero, Frances G.",(752) 500-4817,30/08/2020,Tarbes,,
178,"Taylor, Brynne J.",(648) 501-3155,04/10/2020,Tirunelveli,,
179,"Bradshaw, Aurelia S.",(686) 710-8160,22/09/2021,Falun,,
180,"Miles, Vielka Z.",(699) 187-9790,28/11/2021,Lo Prado,,
181,"Richmond, Adele Y.",(430) 857-4596,04/09/2020,Sylvan Lake,,
182,"Nixon, Urielle Q.",(192) 243-2658,04/10/2020,Abolens,,
183,"French, Bruno S.",(650) 532-1797,10/09/2020,Subbiano,,
184,"Clark, Kameko E.",(790) 922-5391,21/07/2020,Nizip,,
185,"Estrada, Clark A.",(309) 844-6452,03/02/2021,Nurdağı,,
186,"Lyons, Ava V.",(363) 193-4414,02/06/2021,Senftenberg,,
187,"Schwartz, Kelly H.",(430) 668-9775,01/05/2020,Coleville Lake,,
188,"Noble, Orlando M.",(838) 718-1674,08/01/2022,Aserrí,,
189,"Kemp, Isaiah L.",(746) 759-3687,07/10/2020,Zvenigorod,,
190,"Payne, Nash B.",(850) 259-0843,01/12/2020,Bruck an der Mur,,
191,"Spears, Wesley B.",(106) 131-8211,28/12/2021,Arendonk,,
192,"Small, Halla X.",(983) 945-1508,05/08/2021,West Jakarta,,
193,"Dale, Yardley R.",(726) 416-7199,24/09/2021,Dubuisson,,
194,"Barry, Cassandra T.",(128) 347-4775,08/02/2021,Tournefeuille,,
195,"Cooke, Kaden J.",(765) 359-5685,29/01/2022,Teltow,,
196,"Clements, Merritt X.",(197) 346-2767,28/06/2020,Klosterneuburg,,
197,"Ferguson, Darius Z.",(463) 158-1352,22/12/2020,Linares,,
198,"Chambers, Zane S.",(859) 211-9483,09/09/2021,Quinchao,,
199,"Knapp, Hyatt P.",(925) 775-3902,09/12/2021,Odintsovo,,
200,"Romero, Maxwell P.",(549) 194-4732,21/09/2021,Belmonte del Sannio,,
201,"Patrick, Erica C.",(267) 526-2497,10/05/2021,Ramagundam,,
202,"Oliver, Isaac W.",(386) 202-8288,03/12/2021,Saint-Urbain,,
203,"Brown, Graiden D.",(221) 447-1872,14/12/2020,Graven Grez-Doiceau,,
204,"Head, Edan A.",(257) 426-8555,11/11/2021,Coimbatore,,
205,"Ramirez, Zorita W.",(543) 257-1797,19/05/2020,Parkland County,,
206,"Beck, Suki T.",(581) 916-9054,12/03/2021,Zamora,,
207,"Martin, Thomas W.",(207) 595-0283,21/10/2021,Abbateggio,,
208,"Walsh, Chelsea T.",(999) 561-8519,16/05/2020,Marchtrenk,,
209,"Gray, Tatiana K.",(438) 875-0563,29/04/2021,Grand-RosiŽre-Hottomont,,
210,"Randall, Lucy N.",(745) 390-2195,18/10/2020,Moere,,
211,"Vaughan, Justin R.",(622) 745-8929,06/12/2021,Sromness,,
212,"Pitts, Victor E.",(241) 328-3962,24/11/2020,Sydney,,
213,"Kramer, Akeem Q.",(957) 771-4657,30/04/2021,Svobodny,,
214,"Stafford, Cruz C.",(805) 125-4716,27/03/2021,Frederick,,
215,"Ewing, Gary T.",(104) 503-8630,16/05/2020,Wodonga,,
216,"Mclaughlin, Aladdin Y.",(217) 725-2843,24/08/2021,Oostkerk,,
217,"Clements, Axel Q.",(346) 162-8586,12/12/2021,Columbia,,
218,"Wilkins, Kerry L.",(880) 555-2686,21/04/2021,Aurora,,
219,"Gibson, Taylor C.",(917) 545-8614,10/11/2020,Monteroni d'Arbia,,
220,"Ingram, Zoe L.",(344) 532-9449,02/05/2021,Gellik,,
221,"Trevino, Clarke W.",(401) 512-3171,01/04/2022,Toba Tek Singh,,
222,"Stafford, Tatyana B.",(448) 361-4041,08/11/2020,Palakkad,,
223,"Giles, Blaze Q.",(237) 787-1199,05/12/2021,Nizamabad,,
224,"Estes, Armando T.",(116) 990-4295,23/04/2021,Treppo Carnico,,
225,"Lawrence, Oprah N.",(666) 494-8937,09/06/2020,Zoerle-Parwijs,,
226,"Moody, Angelica G.",(643) 394-0630,17/05/2020,Termes,,
227,"Faulkner, Ima A.",(988) 852-6359,22/06/2020,Avesta,,
228,"Horne, Candace P.",(595) 473-8788,04/05/2021,Opheylissem,,
229,"Giles, Lillith Y.",(409) 929-4461,25/07/2021,Saint-Brieuc,,
230,"Parker, Samuel J.",(660) 376-8694,14/04/2022,Roosendaal,,
231,"Webb, Christine Y.",(525) 402-0486,30/09/2021,Puerto Colombia,,
232,"Underwood, Ila X.",(835) 302-2038,26/12/2021,Bonavista,,
233,"Cardenas, Rashad Y.",(512) 982-9334,06/11/2020,Wollongong,,
234,"Munoz, Georgia F.",(234) 208-7372,20/04/2022,Sirsa,,
235,"Anthony, Lacey N.",(301) 459-9312,19/06/2021,Kerikeri,,
236,"Johnson, Galvin U.",(839) 414-0599,13/05/2021,Neeroeteren,,
237,"Kline, Brian K.",(137) 430-2032,01/09/2021,Frankfurt,,
238,"Bowman, Harrison I.",(636) 337-5059,09/02/2022,Lolol,,
239,"Carpenter, Connor J.",(261) 285-2198,08/04/2021,Louth,,
240,"Luna, Paki J.",(199) 162-1347,03/01/2022,Guadalupe,,
241,"Harvey, Jamal K.",(985) 950-3981,23/02/2021,Dera Ismail Khan,,
242,"Christensen, Fletcher L.",(821) 677-9082,21/08/2021,Saint-Prime,,
243,"Allen, Althea E.",(510) 420-3581,19/03/2022,Itapipoca,,
244,"Bishop, Aileen D.",(503) 296-5339,28/05/2021,Brin-Navolok,,
245,"Camacho, Jared A.",(898) 472-6099,13/04/2022,Cambridge,,
246,"Torres, Chase B.",(206) 738-6996,12/07/2021,Woking,,
247,"Beard, Chase H.",(504) 514-8682,28/08/2020,Puyehue,,
248,"Lancaster, Uta T.",(266) 210-0125,07/08/2021,Bingen,,
249,"Lara, Dylan S.",(999) 427-1326,24/10/2021,Guben,,
250,"Hogan, Chadwick R.",(398) 767-6303,11/01/2021,Shaftesbury,,
251,"Henderson, Leah V.",(221) 862-2407,23/05/2021,Mastung,,
252,"Pittman, Todd C.",(749) 156-7204,22/02/2022,Casciana Terme,,
253,"Mcknight, Hashim N.",(657) 359-2069,14/03/2021,Yorkton,,
254,"Colon, Lane V.",(915) 688-9387,13/02/2021,Gary,,
255,"Garza, Geraldine E.",(572) 786-1664,08/04/2021,Cardiff,,
256,"Zamora, Leandra H.",(816) 315-8186,02/12/2020,Castro,,
257,"Norris, Catherine W.",(920) 427-2489,28/11/2020,Bellante,,
258,"Johnson, Iona R.",(153) 556-7732,22/01/2022,Caxias,,
259,"Casey, Keaton S.",(580) 996-4657,03/09/2020,Odintsovo,,
260,"Bishop, Steven R.",(520) 838-3307,15/03/2022,Biloxi,,
261,"Atkins, Hadassah U.",(755) 451-4295,10/01/2021,Bala,,
262,"Whitney, Libby Q.",(136) 439-0068,13/10/2020,CŽroux-Mousty,,
263,"Barnett, Hunter F.",(558) 978-7407,11/08/2020,Velaine-sur-Sambre,,
264,"Martinez, Demetria O.",(281) 806-0705,24/12/2020,Saint-Brieuc,,
265,"Floyd, Iris C.",(721) 532-3229,22/11/2021,Glovertown,,
266,"Mendoza, Benjamin H.",(259) 326-2561,25/10/2020,Wansin,,
267,"Schultz, Otto Y.",(264) 985-4129,17/02/2022,Almería,,
268,"Bridges, Blair T.",(109) 617-6782,21/08/2021,Mundare,,
269,"Horton, Jin B.",(433) 118-7594,15/11/2020,San Joaquín,,
270,"Mayer, Courtney J.",(333) 882-5626,17/07/2021,Sainte-Ode,,
271,"Lancaster, Kendall L.",(466) 575-2026,29/03/2022,Assiniboia,,
272,"Cain, Unity Z.",(743) 535-0717,09/06/2021,Paulatuk,,
273,"Aguirre, Ebony W.",(154) 476-4966,04/03/2021,Landenne,,
274,"Buckner, Olivia O.",(489) 566-7153,01/04/2021,Icheon,,
275,"Jefferson, Graiden K.",(600) 738-7294,07/12/2020,LaSalle,,
276,"Rasmussen, Shannon X.",(848) 927-7210,12/09/2021,Petrolina,,
277,"Houston, Gareth I.",(168) 988-9873,11/10/2021,Alix,,
278,"Britt, Phillip Q.",(214) 365-0985,24/11/2020,Olcenengo,,
279,"Weiss, Melanie Q.",(573) 887-7283,08/01/2021,Fort Wayne,,
280,"Romero, Madeson O.",(656) 689-7243,18/11/2021,Invercargill,,
281,"Hunter, Knox X.",(806) 650-5241,01/11/2020,Dandenong,,
282,"Scott, Maisie V.",(295) 976-2899,10/08/2020,Windsor,,
283,"Pacheco, Vivian T.",(890) 522-5540,20/02/2022,La Granja,,
284,"Edwards, Keely Y.",(785) 519-2397,01/03/2022,Sachs Harbour,,
285,"Beck, Brody N.",(336) 267-0379,21/09/2020,Serskamp,,
286,"Ward, Tatyana S.",(742) 540-0985,24/03/2021,Frederick,,
287,"Sweet, Whoopi I.",(355) 714-5136,24/06/2020,Retie,,
288,"Herman, Paki C.",(922) 367-2469,01/03/2021,Fredericton,,
289,"Burgess, Lenore Y.",(235) 479-1808,21/11/2021,Westerlo,,
290,"Wade, Lani D.",(330) 248-5411,02/01/2022,Vico del Gargano,,
291,"Paul, Olympia U.",(470) 897-7814,03/02/2022,Sialkot,,
292,"Reeves, Amy N.",(819) 731-6928,15/03/2022,San Isidro,,
293,"Mills, Carolyn B.",(382) 459-3562,20/10/2021,Macklin,,
294,"Anderson, Dale D.",(309) 580-2614,01/04/2021,Neuss,,
295,"Keller, Sierra Y.",(870) 629-2071,10/03/2022,Vysokovsk,,
296,"Cooke, September S.",(518) 943-9639,24/02/2021,Norman Wells,,
297,"Mayo, Leo L.",(585) 929-8792,12/06/2020,Swan,,
298,"Stein, Olga R.",(911) 860-9548,31/08/2020,Sheikhupura,,
299,"Gilmore, Scarlett L.",(432) 667-8358,24/02/2021,Lauco,,
300,"Hunter, Justine M.",(587) 753-9094,04/11/2020,Lanco,,
